{
  "m3fend": {
    "m3fend_xlm_roberta_base": {
      "test_gossipcop_loss": 0.4281221628189087,
      "test_gossipcop_acc": 0.8638876080513,
      "test_gossipcop_f1": 0.7066997289657593,
      "test_gossipcop_recall": 0.7228426337242126,
      "test_gossipcop_precision": 0.6912621259689331,
      "test_politifact_loss": 0.3628765344619751,
      "test_politifact_acc": 0.8670520186424255,
      "test_politifact_f1": 0.8606060147285461,
      "test_politifact_recall": 0.8255813717842102,
      "test_politifact_precision": 0.8987341523170471,
      "test_COVID_loss": 0.2036457359790802,
      "test_COVID_acc": 0.9488636255264282,
      "test_COVID_f1": 0.8737475275993347,
      "test_COVID_recall": 0.8074073791503906,
      "test_COVID_precision": 0.9519650936126709,
      "test_loss": 0.3780728876590729,
      "test_acc": 0.8821994066238403,
      "test_f1": 0.7472938299179077,
      "test_recall": 0.7464578747749329,
      "test_precision": 0.748131513595581
    },
    "m3fend_electra": {
      "test_gossipcop_loss": 0.38362300395965576,
      "test_gossipcop_acc": 0.867572546005249,
      "test_gossipcop_f1": 0.6307000517845154,
      "test_gossipcop_recall": 0.49847716093063354,
      "test_gossipcop_precision": 0.8583915829658508,
      "test_politifact_loss": 0.5107583403587341,
      "test_politifact_acc": 0.7861271500587463,
      "test_politifact_f1": 0.7836257815361023,
      "test_politifact_recall": 0.7790697813034058,
      "test_politifact_precision": 0.7882353067398071,
      "test_COVID_loss": 0.12196891009807587,
      "test_COVID_acc": 0.9610389471054077,
      "test_COVID_f1": 0.9058823585510254,
      "test_COVID_recall": 0.855555534362793,
      "test_COVID_precision": 0.9624999761581421,
      "test_loss": 0.3308277726173401,
      "test_acc": 0.8851574659347534,
      "test_f1": 0.7050938606262207,
      "test_recall": 0.5883668661117554,
      "test_precision": 0.8795986771583557
    },
    "m3fend_bigbird": {
      "test_gossipcop_loss": 0.37196746468544006,
      "test_gossipcop_acc": 0.8470750451087952,
      "test_gossipcop_f1": 0.6748286485671997,
      "test_gossipcop_recall": 0.6994923949241638,
      "test_gossipcop_precision": 0.65184485912323,
      "test_politifact_loss": 0.4224803149700165,
      "test_politifact_acc": 0.8034681677818298,
      "test_politifact_f1": 0.7763158082962036,
      "test_politifact_recall": 0.6860465407371521,
      "test_politifact_precision": 0.8939393758773804,
      "test_COVID_loss": 0.16153033077716827,
      "test_COVID_acc": 0.9472402334213257,
      "test_COVID_f1": 0.8692153096199036,
      "test_COVID_recall": 0.800000011920929,
      "test_COVID_precision": 0.9515418410301208,
      "test_loss": 0.32805413007736206,
      "test_acc": 0.8672350645065308,
      "test_f1": 0.7164623141288757,
      "test_recall": 0.7188665270805359,
      "test_precision": 0.7140740752220154
    },
    "deberta": {
      "test_gossipcop_loss": 0.513051450252533,
      "test_gossipcop_acc": 0.852602481842041,
      "test_gossipcop_f1": 0.5778363943099976,
      "test_gossipcop_recall": 0.44467005133628845,
      "test_gossipcop_precision": 0.8248587846755981,
      "test_politifact_loss": 0.47566521167755127,
      "test_politifact_acc": 0.797687828540802,
      "test_politifact_f1": 0.7928994297981262,
      "test_politifact_recall": 0.7790697813034058,
      "test_politifact_precision": 0.8072289228439331,
      "test_COVID_loss": 0.13377077877521515,
      "test_COVID_acc": 0.9569805264472961,
      "test_COVID_f1": 0.8966861963272095,
      "test_COVID_recall": 0.8518518805503845,
      "test_COVID_precision": 0.9465020298957825,
      "test_loss": 0.43000349402427673,
      "test_acc": 0.8733252286911011,
      "test_f1": 0.668789803981781,
      "test_recall": 0.5480984449386597,
      "test_precision": 0.8576429486274719
    },
    "Albert": {
      "test_gossipcop_loss": 0.3839069604873657,
      "test_gossipcop_acc": 0.8701059222221375,
      "test_gossipcop_f1": 0.6590084433555603,
      "test_gossipcop_recall": 0.5532994866371155,
      "test_gossipcop_precision": 0.8146487474441528,
      "test_politifact_loss": 0.41511765122413635,
      "test_politifact_acc": 0.8150289058685303,
      "test_politifact_f1": 0.7999999523162842,
      "test_politifact_recall": 0.7441860437393188,
      "test_politifact_precision": 0.8648648858070374,
      "test_COVID_loss": 0.17104288935661316,
      "test_COVID_acc": 0.9399350881576538,
      "test_COVID_f1": 0.8495935201644897,
      "test_COVID_recall": 0.7740740776062012,
      "test_COVID_precision": 0.9414414167404175,
      "test_loss": 0.33887168765068054,
      "test_acc": 0.8834174275398254,
      "test_f1": 0.7094536423683167,
      "test_recall": 0.6099925637245178,
      "test_precision": 0.8476684093475342
    }
  },
  "mdfend": {
    "bigbird": {
      "test_gossipcop_loss": 0.36012938618659973,
      "test_gossipcop_acc": 0.8625057339668274,
      "test_gossipcop_f1": 0.6613726615905762,
      "test_gossipcop_recall": 0.5918781757354736,
      "test_gossipcop_precision": 0.7493573427200317,
      "test_politifact_loss": 0.35688579082489014,
      "test_politifact_acc": 0.8381502628326416,
      "test_politifact_f1": 0.8333333134651184,
      "test_politifact_recall": 0.8139534592628479,
      "test_politifact_precision": 0.8536585569381714,
      "test_COVID_loss": 0.15976747870445251,
      "test_COVID_acc": 0.951298713684082,
      "test_COVID_f1": 0.8876403570175171,
      "test_COVID_recall": 0.8777777552604675,
      "test_COVID_precision": 0.8977272510528564,
      "test_loss": 0.31673169136047363,
      "test_acc": 0.8808073997497559,
      "test_f1": 0.7221096158027649,
      "test_recall": 0.6636838316917419,
      "test_precision": 0.791814923286438
    },
    "Albert": {
      "test_gossipcop_loss": 0.34334757924079895,
      "test_gossipcop_acc": 0.8643482327461243,
      "test_gossipcop_f1": 0.6302573680877686,
      "test_gossipcop_recall": 0.5096446871757507,
      "test_gossipcop_precision": 0.8256579041481018,
      "test_politifact_loss": 0.359668493270874,
      "test_politifact_acc": 0.8265895843505859,
      "test_politifact_f1": 0.8387097120285034,
      "test_politifact_recall": 0.9069767594337463,
      "test_politifact_precision": 0.7799999713897705,
      "test_COVID_loss": 0.1717764288187027,
      "test_COVID_acc": 0.9358766078948975,
      "test_COVID_f1": 0.8377823233604431,
      "test_COVID_recall": 0.7555555701255798,
      "test_COVID_precision": 0.940092146396637,
      "test_loss": 0.3068472743034363,
      "test_acc": 0.878545343875885,
      "test_f1": 0.6919682621955872,
      "test_recall": 0.5846383571624756,
      "test_precision": 0.8475675582885742
    },
    "deberta": {
      "test_gossipcop_loss": 0.3188451826572418,
      "test_gossipcop_acc": 0.8668816089630127,
      "test_gossipcop_f1": 0.6973822116851807,
      "test_gossipcop_recall": 0.676142156124115,
      "test_gossipcop_precision": 0.7200000286102295,
      "test_politifact_loss": 0.4874734878540039,
      "test_politifact_acc": 0.7803468108177185,
      "test_politifact_f1": 0.7888888716697693,
      "test_politifact_recall": 0.8255813717842102,
      "test_politifact_precision": 0.7553191781044006,
      "test_COVID_loss": 0.10970078408718109,
      "test_COVID_acc": 0.9594155550003052,
      "test_COVID_f1": 0.9042145609855652,
      "test_COVID_recall": 0.8740741014480591,
      "test_COVID_precision": 0.9365079402923584,
      "test_loss": 0.2787680923938751,
      "test_acc": 0.8841134309768677,
      "test_f1": 0.7450230121612549,
      "test_recall": 0.7255779504776001,
      "test_precision": 0.7655389308929443
    },
    "xlm_roberta": {
      "test_gossipcop_loss": 0.3448885977268219,
      "test_gossipcop_acc": 0.8625057339668274,
      "test_gossipcop_f1": 0.6753671169281006,
      "test_gossipcop_recall": 0.6304568648338318,
      "test_gossipcop_precision": 0.7271662950515747,