{
  "dualmotion": {
    "deberta": {
      "test_loss": 0.28386542201042175,
      "test_acc": 0.8787193298339844,
      "test_f1": 0.7035303711891174,
      "test_recall": 0.6167039275169373,
      "test_precision": 0.8188118934631348
    },
    "xlm_roberta": {
      "test_loss": 0.3227478861808777,
      "test_acc": 0.866887092590332,
      "test_f1": 0.6463245749473572,
      "test_recall": 0.5212528109550476,
      "test_precision": 0.8503649830818176
    },
    "electra": {
      "test_loss": 0.32276928424835205,
      "test_acc": 0.8684530854225159,
      "test_f1": 0.6855241060256958,
      "test_recall": 0.6144667863845825,
      "test_precision": 0.7751646041870117
    },
    "bigbird": {
      "test_loss": 0.3010313808917999,
      "test_acc": 0.875065267086029,
      "test_f1": 0.7054963111877441,
      "test_recall": 0.6413124799728394,
      "test_precision": 0.7839562296867371
    }
  },
  "mdfend": {
    "albert": {
      "test_loss": 0.34924808144569397,
      "test_acc": 0.8548808097839355,
      "test_f1": 0.6260089874267578,
      "test_recall": 0.5205070972442627,
      "test_precision": 0.7851518392562866
    },
    "deberta": {
      "test_loss": 0.2821466326713562,
      "test_acc": 0.8842874765396118,
      "test_f1": 0.7439353466033936,
      "test_recall": 0.7203579545021057,
      "test_precision": 0.7691082954406738
    },
    "xlm_roberta": {
      "test_loss": 0.29834938049316406,
      "test_acc": 0.8848094940185547,
      "test_f1": 0.6990909576416016,
      "test_recall": 0.5734526515007019,
      "test_precision": 0.8952270150184631
    },
    "electra": {
      "test_loss": 0.29783210158348083,
      "test_acc": 0.8776752948760986,
      "test_f1": 0.7014861106872559,
      "test_recall": 0.6159582138061523,
      "test_precision": 0.814595639705658
    },
    "bigbird": {
      "test_loss": 0.3125070333480835,
      "test_acc": 0.8681051135063171,
      "test_f1": 0.6972842812538147,
      "test_recall": 0.6510066986083984,
      "test_precision": 0.750644862651825
    }
  },
  "moSEM": {
    "albert": {
      "test_loss": 0.29451385140419006,
      "test_acc": 0.8813294172286987,
      "test_f1": 0.7027027606964111,
      "test_recall": 0.6010439991950989,
      "test_precision": 0.8457502722740173
    },
    "deberta": {
      "test_loss": 0.28297340869903564,
      "test_acc": 0.8846354484558105,
      "test_f1": 0.7299388647079468,
      "test_recall": 0.6681581139564514,
      "test_precision": 0.8043087720870972
    },
    "xlm_roberta": {
      "test_loss": 0.3036922216415405,
      "test_acc": 0.8769792914390564,
      "test_f1": 0.6878587603569031,
      "test_recall": 0.580909788608551,
      "test_precision": 0.8430736064910889
    },
    "electra": {
      "test_loss": 0.3158915340900421,
      "test_acc": 0.870367169380188,
      "test_f1": 0.6904861330986023,
      "test_recall": 0.6196867823600769,
      "test_precision": 0.7795497179031372
    },
    "bigbird": {
      "test_loss": 0.2908932566642761,
      "test_acc": 0.8815034031867981,
      "test_f1": 0.7017082571983337,
      "test_recall": 0.5973154306411743,
      "test_precision": 0.8503184914588928
    }
  },
  "m3fend": {
    "albert": {
      "test_loss": 0.2980172038078308,
      "test_acc": 0.8828954100608826,
      "test_f1": 0.7036548256874084,
      "test_recall": 0.5958240032196045,
      "test_precision": 0.8591398000717163
    },
    "deberta": {
      "test_loss": 0.2698449194431305,
      "test_acc": 0.8886375427246094,
      "test_f1": 0.7326650023460388,
      "test_recall": 0.6539895534515381,
      "test_precision": 0.8328585028648376
    },
    "xlm_robert": {
      "test_loss": 0.2767210900783539,
      "test_acc": 0.8851574659347534,
      "test_f1": 0.7334410548210144,
      "test_recall": 0.6771066188812256,
      "test_precision": 0.800000011920929
    },
    "electra": {
      "test_loss": 0.2913786768913269,
      "test_acc": 0.8775013089179993,
      "test_f1": 0.7142857313156128,
      "test_recall": 0.6562266945838928,
      "test_precision": 0.7836152911186218
    },
    "bigbird": {
      "test_loss": 0.289798378944397,
      "test_acc": 0.8788933157920837,
      "test_f1": 0.7193548679351807,
      "test_recall": 0.6651752591133118,
      "test_precision": 0.7831431031227112
    }
  }
}
