{
  "dualmotion": {
    "albert": {
      "test_gossipcop_loss": 0.31940725445747375,
      "test_gossipcop_acc": 0.8687240481376648,
      "test_gossipcop_f1": 0.6776018142700195,
      "test_gossipcop_recall": 0.6081218123435974,
      "test_gossipcop_precision": 0.7650063633918762,
      "test_politifact_loss": 0.45960134267807007,
      "test_politifact_acc": 0.7283236980438232,
      "test_politifact_f1": 0.6967741847038269,
      "test_politifact_recall": 0.6279069781303406,
      "test_politifact_precision": 0.782608687877655,
      "test_COVID_loss": 0.21070028841495514,
      "test_COVID_acc": 0.9220778942108154,
      "test_COVID_f1": 0.800000011920929,
      "test_COVID_recall": 0.7111111283302307,
      "test_COVID_precision": 0.9142857193946838,
      "test_loss": 0.3000945746898651,
      "test_acc": 0.8759352564811707,
      "test_f1": 0.7032875418663025,
      "test_recall": 0.6301267743110657,
      "test_precision": 0.7956685423851013
    },
    "deberta": {
      "test_gossipcop_loss": 0.3130972981452942,
      "test_gossipcop_acc": 0.8652694225311279,
      "test_gossipcop_f1": 0.6616541147232056,
      "test_gossipcop_recall": 0.5807106494903564,
      "test_gossipcop_precision": 0.7688171863555908,
      "test_politifact_loss": 0.41700682044029236,
      "test_politifact_acc": 0.797687828540802,
      "test_politifact_f1": 0.7651007175445557,
      "test_politifact_recall": 0.6627907156944275,
      "test_politifact_precision": 0.9047619104385376,
      "test_COVID_loss": 0.16345776617527008,
      "test_COVID_acc": 0.9375,
      "test_COVID_f1": 0.8372092843055725,
      "test_COVID_recall": 0.7333333492279053,
      "test_COVID_precision": 0.9753694534301758,
      "test_loss": 0.28386542201042175,
      "test_acc": 0.8787193298339844,
      "test_f1": 0.7035303711891174,
      "test_recall": 0.6167039275169373,
      "test_precision": 0.8188118934631348
    },
    "xlm_roberta": {
      "test_gossipcop_loss": 0.33032670617103577,
      "test_gossipcop_acc": 0.86549973487854,
      "test_gossipcop_f1": 0.6327043771743774,
      "test_gossipcop_recall": 0.5106598734855652,
      "test_gossipcop_precision": 0.831404983997345,
      "test_politifact_loss": 0.5967952013015747,
      "test_politifact_acc": 0.6936416029930115,
      "test_politifact_f1": 0.6344828009605408,
      "test_politifact_recall": 0.5348837375640869,
      "test_politifact_precision": 0.7796609997749329,
      "test_COVID_loss": 0.2590538263320923,
      "test_COVID_acc": 0.8961039185523987,
      "test_COVID_f1": 0.7009345889091492,
      "test_COVID_recall": 0.5555555820465088,
      "test_COVID_precision": 0.949367105960846,
      "test_loss": 0.3227478861808777,
      "test_acc": 0.866887092590332,
      "test_f1": 0.6463245749473572,
      "test_recall": 0.5212528109550476,
      "test_precision": 0.8503649830818176
    },
    "electra": {
      "test_gossipcop_loss": 0.3465682864189148,
      "test_gossipcop_acc": 0.8581298589706421,
      "test_gossipcop_f1": 0.6535432934761047,
      "test_gossipcop_recall": 0.5898477435112,
      "test_gossipcop_precision": 0.7326607704162598,
      "test_politifact_loss": 0.5539098381996155,
      "test_politifact_acc": 0.7283236980438232,
      "test_politifact_f1": 0.6967741847038269,
      "test_politifact_recall": 0.6279069781303406,
      "test_politifact_precision": 0.782608687877655,
      "test_COVID_loss": 0.2087361216545105,
      "test_COVID_acc": 0.9245129823684692,
      "test_COVID_f1": 0.802547812461853,
      "test_COVID_recall": 0.699999988079071,
      "test_COVID_precision": 0.9402984976768494,
      "test_loss": 0.32276928424835205,
      "test_acc": 0.8684530854225159,
      "test_f1": 0.6855241060256958,
      "test_recall": 0.6144667863845825,
      "test_precision": 0.7751646041870117
    },
    "bigbird": {
      "test_gossipcop_loss": 0.3267492353916168,
      "test_gossipcop_acc": 0.8627360463142395,
      "test_gossipcop_f1": 0.664792001247406,
      "test_gossipcop_recall": 0.6000000238418579,
      "test_gossipcop_precision": 0.7452711462974548,
      "test_politifact_loss": 0.49620530009269714,
      "test_politifact_acc": 0.7745664715766907,
      "test_politifact_f1": 0.7607362270355225,
      "test_politifact_recall": 0.7209302186965942,
      "test_politifact_precision": 0.8051947951316833,
      "test_COVID_loss": 0.1848376840353012,
      "test_COVID_acc": 0.9326298832893372,
      "test_COVID_f1": 0.8329979181289673,
      "test_COVID_recall": 0.7666666507720947,
      "test_COVID_precision": 0.9118942618370056,
      "test_loss": 0.3010313808917999,
      "test_acc": 0.875065267086029,
      "test_f1": 0.7054963111877441,
      "test_recall": 0.6413124799728394,
      "test_precision": 0.7839562296867371
    }
  },
  "mdfend": {
    "albert": {
      "test_gossipcop_loss": 0.3437345325946808,
      "test_gossipcop_acc": 0.8539842963218689,
      "test_gossipcop_f1": 0.6244075894355774,
      "test_gossipcop_recall": 0.5350253582000732,
      "test_gossipcop_precision": 0.74964439868927,
      "test_politifact_loss": 0.6690358519554138,
      "test_politifact_acc": 0.676300585269928,
      "test_politifact_f1": 0.6000000238418579,
      "test_politifact_recall": 0.4883720874786377,
      "test_politifact_precision": 0.7777777910232544,
      "test_COVID_loss": 0.323805034160614,
      "test_COVID_acc": 0.8831169009208679,
      "test_COVID_f1": 0.6417911052703857,
      "test_COVID_recall": 0.47777777910232544,
      "test_COVID_precision": 0.9772727489471436,
      "test_loss": 0.34924808144569397,
      "test_acc": 0.8548808097839355,
      "test_f1": 0.6260089874267578,
      "test_recall": 0.5205070972442627,
      "test_precision": 0.7851518392562866
    },
    "deberta": {
      "test_gossipcop_loss": 0.3244502544403076,
      "test_gossipcop_acc": 0.8673422336578369,
      "test_gossipcop_f1": 0.6987447142601013,
      "test_gossipcop_recall": 0.6781725883483887,
      "test_gossipcop_precision": 0.7206041216850281,
      "test_politifact_loss": 0.3816909193992615,
      "test_politifact_acc": 0.8092485666275024,
      "test_politifact_f1": 0.8156424760818481,
      "test_politifact_recall": 0.8488371968269348,
      "test_politifact_precision": 0.7849462628364563,
      "test_COVID_loss": 0.12056399136781693,
      "test_COVID_acc": 0.9545454382896423,
      "test_COVID_f1": 0.8893280625343323,
      "test_COVID_recall": 0.8333333134651184,
      "test_COVID_precision": 0.9533898234367371,
      "test_loss": 0.2821466326713562,
      "test_acc": 0.8842874765396118,
      "test_f1": 0.7439353466033936,
      "test_recall": 0.7203579545021057,
      "test_precision": 0.7691082954406738
    },
    "xlm_roberta": {
      "test_gossipcop_loss": 0.33280622959136963,
      "test_gossipcop_acc": 0.8717181086540222,
      "test_gossipcop_f1": 0.6394822001457214,
      "test_gossipcop_recall": 0.5015228390693665,
      "test_gossipcop_precision": 0.8821428418159485,
      "test_politifact_loss": 0.5354192852973938,
      "test_politifact_acc": 0.7341040372848511,
      "test_politifact_f1": 0.6406249403953552,
      "test_politifact_recall": 0.4767441749572754,
      "test_politifact_precision": 0.976190447807312,
      "test_COVID_loss": 0.14495430886745453,
      "test_COVID_acc": 0.9521104097366333,
      "test_COVID_f1": 0.8880454897880554,
      "test_COVID_recall": 0.8666666746139526,
      "test_COVID_precision": 0.9105058312416077,
      "test_loss": 0.29834938049316406,
      "test_acc": 0.8848094940185547,
      "test_f1": 0.6990909576416016,
      "test_recall": 0.5734526515007019,
      "test_precision": 0.8952270150184631
    },
    "electra": {
      "test_gossipcop_loss": 0.34120941162109375,
      "test_gossipcop_acc": 0.859972357749939,
      "test_gossipcop_f1": 0.6354916095733643,
      "test_gossipcop_recall": 0.5380710363388062,
      "test_gossipcop_precision": 0.7759882807731628,
      "test_politifact_loss": 0.3851664960384369,