{"test_gossipcop_loss": 0.30257153511047363, "test_gossipcop_acc": 0.8813910484313965, "test_gossipcop_f1": 0.7078843116760254, "test_gossipcop_recall": 0.6335025429725647, "test_gossipcop_precision": 0.8020565509796143, "test_politifact_loss": 0.4649074971675873, "test_politifact_acc": 0.8554912805557251, "test_politifact_f1": 0.8344370722770691, "test_politifact_recall": 0.7325581312179565, "test_politifact_precision": 0.9692307710647583, "test_COVID_loss": 0.12511278688907623, "test_COVID_acc": 0.9650974273681641, "test_COVID_f1": 0.9174664616584778, "test_COVID_recall": 0.885185182094574, "test_COVID_precision": 0.9521912336349487, "test_loss": 0.2691233456134796, "test_acc": 0.8985557556152344, "test_f1": 0.7605749368667603, "test_recall": 0.690529465675354, "test_precision": 0.8464351296424866}