{"test_gossipcop_loss": 0.7180252075195312, "test_gossipcop_acc": 0.554347813129425, "test_gossipcop_f1": 0.4533332884311676, "test_gossipcop_recall": 0.7727272510528564, "test_gossipcop_precision": 0.3207547068595886, "test_politifact_loss": 1.0900176763534546, "test_politifact_acc": 0.5, "test_politifact_f1": 0.6666666865348816, "test_politifact_recall": 0.75, "test_politifact_precision": 0.6000000238418579, "test_COVID_loss": 0.7018289566040039, "test_COVID_acc": 0.7000000476837158, "test_COVID_f1": 0.3076923191547394, "test_COVID_recall": 0.5, "test_COVID_precision": 0.2222222238779068, "test_loss": 0.7316663265228271, "test_acc": 0.5859375, "test_f1": 0.4536082446575165, "test_recall": 0.7333333492279053, "test_precision": 0.3283582031726837}