{"test_gossipcop_loss": 0.5604979395866394, "test_gossipcop_acc": 0.760869562625885, "test_gossipcop_f1": 0.0, "test_gossipcop_recall": 0.0, "test_gossipcop_precision": 0.0, "test_politifact_loss": 1.090185284614563, "test_politifact_acc": 0.3333333432674408, "test_politifact_f1": 0.0, "test_politifact_recall": 0.0, "test_politifact_precision": 0.0, "test_COVID_loss": 0.40210363268852234, "test_COVID_acc": 0.8666667342185974, "test_COVID_f1": 0.0, "test_COVID_recall": 0.0, "test_COVID_precision": 0.0, "test_loss": 0.5482033491134644, "test_acc": 0.765625, "test_f1": 0.0, "test_recall": 0.0, "test_precision": 0.0}