{
  "test_gossipcop_loss": 0.784352719783783,
  "test_gossipcop_acc": 0.239130437374115,
  "test_gossipcop_f1": 0.38596490025520325,
  "test_gossipcop_recall": 1.0,
  "test_gossipcop_precision": 0.239130437374115,
  "test_politifact_loss": 0.6535748243331909,
  "test_politifact_acc": 0.6666666865348816,
  "test_politifact_f1": 0.800000011920929,
  "test_politifact_recall": 1.0,
  "test_politifact_precision": 0.6666666865348816,
  "test_COVID_loss": 0.8312603235244751,
  "test_COVID_acc": 0.13333334028720856,
  "test_COVID_f1": 0.2352941334247589,
  "test_COVID_recall": 1.0,
  "test_COVID_precision": 0.13333334028720856,
  "test_loss": 0.7892163991928101,
  "test_acc": 0.234375,
  "test_f1": 0.37974682450294495,
  "test_recall": 1.0,
  "test_precision": 0.234375
}
