{"test_gossipcop_loss": 0.5945072174072266, "test_gossipcop_acc": 0.760869562625885, "test_gossipcop_f1": 0.0, "test_gossipcop_recall": 0.0, "test_gossipcop_precision": 0.0, "test_politifact_loss": 0.6923443675041199, "test_politifact_acc": 0.3333333432674408, "test_politifact_f1": 0.5, "test_politifact_recall": 0.5, "test_politifact_precision": 0.5, "test_COVID_loss": 0.639159619808197, "test_COVID_acc": 0.8666667342185974, "test_COVID_f1": 0.0, "test_COVID_recall": 0.0, "test_COVID_precision": 0.0, "test_loss": 0.6095587015151978, "test_acc": 0.765625, "test_f1": 0.11764706671237946, "test_recall": 0.06666667014360428, "test_precision": 0.5}