{
  "M3FEND": {
    "test_gossipcop_loss": 0.31064653396606445,
    "test_gossipcop_acc": 0.8687240481376648,
    "test_gossipcop_f1": 0.703125,
    "test_gossipcop_recall": 0.6852791905403137,
    "test_gossipcop_precision": 0.7219251394271851,
    "test_politifact_loss": 0.28435635566711426,
    "test_politifact_acc": 0.8554912805557251,
    "test_politifact_f1": 0.8704662919044495,
    "test_politifact_recall": 0.9767441749572754,
    "test_politifact_precision": 0.7850467562675476,
    "test_COVID_loss": 0.12046576291322708,
    "test_COVID_acc": 0.9642857313156128,
    "test_COVID_f1": 0.9153845906257629,
    "test_COVID_recall": 0.8814814686775208,
    "test_COVID_precision": 0.9520000219345093,
    "test_loss": 0.26883918046951294,
    "test_acc": 0.8888115286827087,
    "test_f1": 0.7573110461235046,
    "test_recall": 0.7434750199317932,
    "test_precision": 0.7716718316078186
  },
  "MDFEND": {
    "test_gossipcop_loss": 0.6804850101470947,
    "test_gossipcop_acc": 0.760869562625885,
    "test_gossipcop_f1": 0.0,
    "test_gossipcop_recall": 0.0,
    "test_gossipcop_precision": 0.0,
    "test_politifact_loss": 0.6981335878372192,
    "test_politifact_acc": 0.3333333432674408,
    "test_politifact_f1": 0.0,
    "test_politifact_recall": 0.0,
    "test_politifact_precision": 0.0,
    "test_COVID_loss": 0.674359142780304,
    "test_COVID_acc": 0.8666667342185974,
    "test_COVID_f1": 0.0,
    "test_COVID_recall": 0.0,
    "test_COVID_precision": 0.0,
    "test_loss": 0.6798765063285828,
    "test_acc": 0.765625,
    "test_f1": 0.0,
    "test_recall": 0.0,
    "test_precision": 0.0
  },
  "DualEmotion": {
    "test_gossipcop_loss": 0.7305417656898499,
    "test_gossipcop_acc": 0.32608696818351746,
    "test_gossipcop_f1": 0.41509437561035156,
    "test_gossipcop_recall": 1.0,
    "test_gossipcop_precision": 0.261904776096344,
    "test_politifact_loss": 1.0100685358047485,
    "test_politifact_acc": 0.5,
    "test_politifact_f1": 0.6666666865348816,
    "test_politifact_recall": 0.75,
    "test_politifact_precision": 0.6000000238418579,
    "test_COVID_loss": 0.7169221043586731,
    "test_COVID_acc": 0.13333334028720856,
    "test_COVID_f1": 0.2352941334247589,
    "test_COVID_recall": 1.0,
    "test_COVID_precision": 0.13333334028720856,
    "test_loss": 0.7404524683952332,
    "test_acc": 0.2890625,
    "test_f1": 0.38926175236701965,
    "test_recall": 0.9666666388511658,
    "test_precision": 0.24369747936725616
  },
  "moSEM": {
    "test_gossipcop_loss": 0.6500362753868103,
    "test_gossipcop_acc": 0.760869562625885,
    "test_gossipcop_f1": 0.0,
    "test_gossipcop_recall": 0.0,
    "test_gossipcop_precision": 0.0,
    "test_politifact_loss": 0.6920632123947144,
    "test_politifact_acc": 0.5,
    "test_politifact_f1": 0.4000000059604645,
    "test_politifact_recall": 0.25,
    "test_politifact_precision": 1.0,
    "test_COVID_loss": 0.6822775602340698,
    "test_COVID_acc": 0.8666667342185974,
    "test_COVID_f1": 0.0,
    "test_COVID_recall": 0.0,
    "test_COVID_precision": 0.0,
    "test_loss": 0.6595628261566162,
    "test_acc": 0.7734375,
    "test_f1": 0.06451613456010818,
    "test_recall": 0.03333333507180214,
    "test_precision": 1.0
  }
}
